Name,Website,,,,
Zscaler,zscaler.com,,,,
ZEN Computer Services,zenvideo.co.uk,,,,
Zenoss,zenoss.com,,,,
YanceyWorks,YanceyWorks.com,,,,
Xignal,xignal-s1000d.com,,,,
X88 SOftware,x88.com,,,,
Sava,wwww.sava.co.uk,, ,,
Macromedia Europe,www-euro.macromedia.com,,,,
IBM ,www-4.ibm.com/software/,,,,
Mr Graham Knight,www3.mistral.co.uk/helmstone/tglobe,,,,
ZZZ Projects,www.zzzprojects.com,,,,
Zygology Systems Ltd,www.zygology.co.uk,,,,
ZWCAD Software,www.zwcad.org/,, ,,
Zumero,www.zumero.com,,,,
Zosterops,www.zosterops.co.uk,,,,
Zoomify,www.zoomify.com,,,,
Zone Medical Pty Ltd,www.zonemedical.com.au,,,,
Zonelabs,www.zonelabs.com,,,,
Zoho Apps,www.zoho.eu,,,,
Zirtu,www.zirtu.com,,,,
Zircon Computing,www.zircomp.com,, ,,
Zinstall,www.zinstall.com,,,,
Zinc Software,www.zinc.com,,,,
Zimbra,www.zimbra.com,,,,
Z GROUP,www.zgroupplc.com/companies/#onspeed,,,,
Zeus Technology,www.zeus.co.uk,, ,,
Equisys,www.zetafax.com,,,,
Zero G,www.zerog.com,,,,
Zen Software Ltd,www.zensoftware.co.uk,,,,
Zebra BI d.o.o.,,,,,
Zeenyx Software,,,,,
Zeitanker,,,,,
Zelo 2000. ,,,,,
"Zendesk, Inc.",,,,,
ZeoBIT,,,,,
UsabilityHub,,,,,
UsabilityHub Pty,,,,,
Zircon Computing,,,,,
Zinstall,,,,,
Zinc Software,,,,,
